Resume_ID,Resume_Text
1,"data analyst with experience in excel, python, pandas, power bi"
2,"software engineer with experience in pandas, excel, java, python, power bi, react"
3,"machine learning engineer with experience in mysql, power bi, pandas, deep learning, html, machine learning, spring boot"
4,"software engineer with experience in javascript, deep learning, spring boot, python"
5,"frontend developer with experience in deep learning, numpy, machine learning"
6,"backend developer with experience in javascript, react, numpy, machine learning, java, python"
7,"software engineer with experience in javascript, numpy, deep learning"
8,"frontend developer with experience in css, numpy, javascript, machine learning, html, mysql, pandas"
9,"data scientist with experience in react, javascript, html, spring boot, python"
10,"software engineer with experience in sql, react, spring boot, deep learning, javascript, python"
11,"backend developer with experience in html, javascript, power bi"
12,"data scientist with experience in pandas, python, react, java, machine learning, javascript, power bi"
13,"data analyst with experience in pandas, spring boot, machine learning, python"
14,"backend developer with experience in deep learning, mysql, java"
15,"data analyst with experience in python, css, javascript, mysql"
16,"backend developer with experience in power bi, html, mysql, java, excel"
17,"machine learning engineer with experience in java, javascript, pandas, numpy, mysql, excel"
18,"frontend developer with experience in java, sql, react, excel, mysql, css"
19,"backend developer with experience in pandas, html, mysql, java"
20,"backend developer with experience in spring boot, deep learning, java, python, numpy"
21,"frontend developer with experience in machine learning, excel, css, pandas, numpy, react"
22,"data analyst with experience in excel, react, python, spring boot, java, sql, html"
23,"machine learning engineer with experience in spring boot, numpy, java, excel, css, mysql"
24,"backend developer with experience in python, mysql, spring boot, power bi, machine learning, deep learning"
25,"frontend developer with experience in css, deep learning, excel, spring boot"
26,"backend developer with experience in react, css, numpy, power bi, mysql, java"
27,"data scientist with experience in java, pandas, javascript"
28,"backend developer with experience in css, javascript, html"
29,"backend developer with experience in mysql, power bi, pandas, html, java, excel"
30,"frontend developer with experience in mysql, javascript, numpy, html, react, css"
31,"machine learning engineer with experience in pandas, deep learning, javascript, java, mysql, spring boot"
32,"backend developer with experience in react, javascript, power bi, spring boot, excel"
33,"data analyst with experience in pandas, deep learning, mysql, sql, excel, numpy"
34,"data analyst with experience in mysql, html, python, sql, react, css, javascript"
35,"data scientist with experience in deep learning, excel, machine learning, spring boot, react, mysql, java"
36,"software engineer with experience in python, html, deep learning, java"
37,"machine learning engineer with experience in deep learning, power bi, pandas, java, css, html"
38,"machine learning engineer with experience in react, power bi, spring boot, sql, java, python"
39,"backend developer with experience in numpy, javascript, machine learning, pandas, sql, spring boot, power bi"
40,"data analyst with experience in pandas, mysql, javascript"
41,"frontend developer with experience in java, power bi, python, machine learning, excel"
42,"machine learning engineer with experience in excel, pandas, python, java, css, javascript, machine learning"
43,"machine learning engineer with experience in excel, html, machine learning, css"
44,"machine learning engineer with experience in react, excel, deep learning, java, numpy, spring boot, html"
45,"data scientist with experience in spring boot, javascript, mysql, react, python, excel"
46,"machine learning engineer with experience in react, power bi, excel, pandas"
47,"software engineer with experience in deep learning, python, numpy, java, mysql, sql, excel"
48,"machine learning engineer with experience in css, deep learning, excel"
49,"software engineer with experience in power bi, mysql, javascript"
50,"machine learning engineer with experience in sql, react, power bi"
51,"machine learning engineer with experience in sql, python, machine learning, deep learning, pandas"
52,"data analyst with experience in spring boot, power bi, deep learning, html, python"
53,"data analyst with experience in sql, spring boot, excel, power bi"
54,"data scientist with experience in power bi, javascript, excel, java, machine learning"
55,"data scientist with experience in css, deep learning, power bi"
56,"machine learning engineer with experience in html, pandas, power bi, sql, react, javascript"
57,"frontend developer with experience in numpy, java, css, mysql, html"
58,"frontend developer with experience in css, html, javascript"
59,"frontend developer with experience in java, machine learning, pandas, mysql"
60,"software engineer with experience in power bi, excel, python"
61,"data analyst with experience in machine learning, java, html"
62,"data analyst with experience in html, java, numpy, sql, deep learning, excel"
63,"data scientist with experience in deep learning, mysql, machine learning, javascript, html, sql"
64,"data scientist with experience in mysql, python, power bi, deep learning, java, javascript, pandas"
65,"software engineer with experience in css, numpy, excel"
66,"frontend developer with experience in pandas, html, react, java"
67,"machine learning engineer with experience in javascript, machine learning, spring boot, sql, react, python, pandas"
68,"frontend developer with experience in excel, java, react"
69,"data analyst with experience in spring boot, numpy, pandas, java, sql, python, power bi"
70,"data analyst with experience in react, machine learning, excel, numpy, java, mysql, javascript"
71,"backend developer with experience in machine learning, react, deep learning, javascript, css, sql, numpy"
72,"backend developer with experience in pandas, excel, deep learning"
73,"backend developer with experience in pandas, deep learning, python, spring boot, excel, javascript, mysql"
74,"data scientist with experience in pandas, numpy, deep learning, mysql, react, machine learning"
75,"frontend developer with experience in sql, machine learning, excel, python, mysql, javascript"
76,"frontend developer with experience in pandas, mysql, deep learning, sql, power bi"
77,"backend developer with experience in html, deep learning, sql, python, spring boot, machine learning"
78,"machine learning engineer with experience in power bi, python, numpy, react, html"
79,"software engineer with experience in react, css, mysql, python"
80,"data analyst with experience in mysql, python, sql"
81,"frontend developer with experience in css, spring boot, sql, mysql, numpy, excel"
82,"backend developer with experience in mysql, react, power bi, pandas, css"
83,"software engineer with experience in python, machine learning, pandas, javascript, html, power bi"
84,"frontend developer with experience in power bi, sql, excel, css, html, mysql"
85,"data scientist with experience in python, css, java, spring boot, sql, html"
86,"data analyst with experience in power bi, numpy, javascript, mysql, sql"
87,"software engineer with experience in pandas, react, mysql, machine learning, numpy, deep learning"
88,"software engineer with experience in mysql, java, css, machine learning, spring boot, power bi"
89,"backend developer with experience in excel, python, pandas, html, numpy, deep learning, spring boot"
90,"backend developer with experience in javascript, numpy, mysql, power bi"
91,"software engineer with experience in power bi, css, javascript, mysql, sql"
92,"machine learning engineer with experience in javascript, sql, machine learning, power bi, excel, java, html"
93,"software engineer with experience in mysql, javascript, html, python, excel"
94,"backend developer with experience in excel, pandas, html, sql"
95,"data analyst with experience in excel, pandas, deep learning, react, mysql, sql, javascript"
96,"data analyst with experience in machine learning, react, spring boot, numpy"
97,"data analyst with experience in machine learning, css, java, javascript, spring boot, python, html"
98,"software engineer with experience in numpy, html, css, java, machine learning, power bi, pandas"
99,"backend developer with experience in html, javascript, mysql, spring boot"
100,"data scientist with experience in spring boot, deep learning, react, html"
101,"data analyst with experience in sql, mysql, java, spring boot, python, javascript, deep learning"
102,"frontend developer with experience in machine learning, html, spring boot, sql, react, numpy, power bi"
103,"frontend developer with experience in machine learning, spring boot, java, pandas"
104,"machine learning engineer with experience in excel, java, css, numpy, mysql"
105,"backend developer with experience in react, numpy, deep learning, mysql, excel, spring boot, html"
106,"frontend developer with experience in mysql, html, python, excel, deep learning, sql"
107,"data scientist with experience in javascript, java, numpy, css, machine learning"
108,"data analyst with experience in mysql, numpy, machine learning, sql"
109,"data scientist with experience in react, deep learning, mysql, numpy, spring boot, machine learning, excel"
110,"machine learning engineer with experience in java, numpy, machine learning, css, react"
111,"backend developer with experience in javascript, css, machine learning, sql, pandas, html, python"
112,"machine learning engineer with experience in java, python, sql, power bi, pandas, numpy, machine learning"
113,"backend developer with experience in css, java, deep learning, javascript, sql, pandas, mysql"
114,"software engineer with experience in power bi, html, mysql, react, css, pandas"
115,"machine learning engineer with experience in pandas, mysql, html, sql, machine learning, power bi, numpy"
116,"backend developer with experience in spring boot, pandas, html, machine learning, react, java, python"
117,"software engineer with experience in pandas, spring boot, machine learning, power bi, sql, excel"
118,"machine learning engineer with experience in machine learning, mysql, spring boot, pandas, numpy, react"
119,"software engineer with experience in java, spring boot, machine learning, excel, pandas, numpy"
120,"backend developer with experience in mysql, javascript, java, pandas"
121,"backend developer with experience in spring boot, html, sql, deep learning, power bi, java"
122,"software engineer with experience in deep learning, css, machine learning, power bi"
123,"data analyst with experience in numpy, javascript, spring boot"
124,"data scientist with experience in deep learning, python, html"
125,"backend developer with experience in css, sql, excel, deep learning, react, mysql"
126,"data scientist with experience in pandas, sql, html, power bi, numpy"
127,"data analyst with experience in power bi, react, javascript, mysql"
128,"data analyst with experience in power bi, python, javascript, numpy"
129,"frontend developer with experience in spring boot, mysql, python, power bi, sql, deep learning"
130,"data scientist with experience in react, numpy, excel, mysql, java, sql, css"
131,"frontend developer with experience in css, java, sql"
132,"backend developer with experience in sql, python, mysql, machine learning, pandas, react"
133,"machine learning engineer with experience in pandas, java, power bi, spring boot, python"
134,"frontend developer with experience in css, java, excel"
135,"machine learning engineer with experience in java, sql, react, excel"
136,"data scientist with experience in deep learning, html, power bi, mysql"
137,"data scientist with experience in css, html, java"
138,"backend developer with experience in numpy, javascript, power bi"
139,"backend developer with experience in java, python, pandas"
140,"machine learning engineer with experience in react, excel, html"
141,"software engineer with experience in java, javascript, excel"
142,"data analyst with experience in sql, python, mysql, spring boot, pandas"
143,"backend developer with experience in excel, java, sql, machine learning, javascript, react, css"
144,"data analyst with experience in spring boot, power bi, java, sql, javascript, machine learning"
145,"frontend developer with experience in python, html, numpy, mysql, sql"
146,"frontend developer with experience in deep learning, sql, excel, machine learning, java, power bi, javascript"
147,"backend developer with experience in html, power bi, machine learning, python, mysql, sql"
148,"software engineer with experience in sql, power bi, html, java"
149,"software engineer with experience in mysql, java, machine learning, excel, sql"
150,"backend developer with experience in excel, mysql, python"
151,"frontend developer with experience in excel, react, javascript, html, power bi, machine learning"
152,"software engineer with experience in python, java, javascript"
153,"data scientist with experience in power bi, react, css, javascript, python"
154,"data analyst with experience in python, pandas, numpy, java, javascript, excel"
155,"software engineer with experience in excel, power bi, react, html, sql"
156,"backend developer with experience in spring boot, javascript, python"
157,"data scientist with experience in numpy, python, excel"
158,"backend developer with experience in excel, sql, mysql, python, pandas, react"
159,"machine learning engineer with experience in machine learning, pandas, mysql"
160,"frontend developer with experience in excel, html, sql"
161,"machine learning engineer with experience in deep learning, javascript, machine learning"
162,"backend developer with experience in mysql, machine learning, pandas, sql, html"
163,"backend developer with experience in pandas, spring boot, java, mysql, javascript, deep learning, css"
164,"software engineer with experience in numpy, html, excel, react"
165,"frontend developer with experience in machine learning, excel, html, mysql, spring boot, pandas"
166,"data analyst with experience in excel, css, numpy, spring boot, javascript"
167,"data scientist with experience in java, sql, javascript, pandas"
168,"machine learning engineer with experience in css, spring boot, deep learning, java, pandas, sql, mysql"
169,"data analyst with experience in spring boot, html, numpy"
170,"backend developer with experience in python, java, html"
171,"machine learning engineer with experience in mysql, react, spring boot, sql, machine learning, power bi"
172,"machine learning engineer with experience in python, machine learning, numpy, deep learning, excel"
173,"software engineer with experience in machine learning, spring boot, mysql"
174,"software engineer with experience in java, power bi, numpy"
175,"software engineer with experience in sql, power bi, mysql, pandas, numpy, machine learning, react"
176,"frontend developer with experience in deep learning, python, javascript, power bi, java, html, machine learning"
177,"machine learning engineer with experience in mysql, numpy, python, css, javascript, java"
178,"frontend developer with experience in deep learning, react, spring boot, excel"
179,"backend developer with experience in css, java, sql, mysql, excel, pandas, react"
180,"backend developer with experience in excel, sql, mysql, machine learning, pandas, power bi, spring boot"
181,"data analyst with experience in mysql, css, machine learning, deep learning, javascript"
182,"backend developer with experience in pandas, java, mysql, python, react"
183,"machine learning engineer with experience in react, numpy, python, pandas"
184,"software engineer with experience in css, sql, excel, spring boot, html, pandas"
185,"backend developer with experience in python, java, react, pandas, css, sql"
186,"software engineer with experience in python, java, sql, pandas, deep learning, html"
187,"machine learning engineer with experience in mysql, pandas, power bi, deep learning, spring boot, html"
188,"software engineer with experience in spring boot, java, css"
189,"software engineer with experience in spring boot, sql, css, python, java, numpy"
190,"machine learning engineer with experience in java, sql, python, javascript"
191,"frontend developer with experience in css, python, react, deep learning, machine learning, spring boot"
192,"data scientist with experience in javascript, react, python, power bi, excel, spring boot, pandas"
193,"machine learning engineer with experience in power bi, html, spring boot, deep learning, numpy, react"
194,"backend developer with experience in deep learning, spring boot, java, css, power bi"
195,"backend developer with experience in excel, react, sql, javascript, java, spring boot, css"
196,"software engineer with experience in react, javascript, numpy"
197,"backend developer with experience in spring boot, deep learning, html, pandas, excel, css"
198,"data scientist with experience in css, java, excel, python"
199,"machine learning engineer with experience in machine learning, java, excel"
200,"software engineer with experience in python, spring boot, machine learning"
201,"software engineer with experience in excel, spring boot, html, mysql, sql, python, react"
202,"data analyst with experience in excel, spring boot, deep learning, power bi, java, numpy"
203,"data analyst with experience in css, machine learning, javascript, numpy"
204,"machine learning engineer with experience in machine learning, sql, css, python, javascript"
205,"frontend developer with experience in mysql, javascript, excel, power bi, html"
206,"machine learning engineer with experience in java, power bi, react, javascript, machine learning, sql"
207,"software engineer with experience in python, pandas, numpy, machine learning"
208,"frontend developer with experience in javascript, html, python"
209,"data scientist with experience in pandas, spring boot, css, numpy"
210,"data scientist with experience in java, html, javascript"
211,"data scientist with experience in mysql, css, sql, spring boot"
212,"frontend developer with experience in javascript, deep learning, java, css, react"
213,"data analyst with experience in javascript, numpy, sql"
214,"data scientist with experience in pandas, react, numpy, machine learning"
215,"machine learning engineer with experience in numpy, deep learning, pandas, excel"
216,"software engineer with experience in sql, numpy, power bi, html, javascript, java, deep learning"
217,"data analyst with experience in sql, power bi, numpy"
218,"machine learning engineer with experience in css, pandas, deep learning, numpy, machine learning, react, javascript"
219,"data analyst with experience in pandas, sql, power bi, machine learning, spring boot, java, excel"
220,"software engineer with experience in power bi, html, spring boot, python, machine learning"
221,"software engineer with experience in react, python, excel, spring boot, mysql, java, css"
222,"machine learning engineer with experience in deep learning, sql, python, javascript, pandas, machine learning, spring boot"
223,"frontend developer with experience in power bi, numpy, python, sql, machine learning, spring boot, deep learning"
224,"software engineer with experience in machine learning, power bi, deep learning, html, excel, react, javascript"
225,"frontend developer with experience in css, machine learning, mysql, java, spring boot"
226,"frontend developer with experience in spring boot, mysql, javascript"
227,"machine learning engineer with experience in spring boot, python, deep learning, power bi, sql"
228,"software engineer with experience in deep learning, mysql, sql"
229,"machine learning engineer with experience in excel, java, mysql"
230,"backend developer with experience in python, react, css, mysql"
231,"frontend developer with experience in html, spring boot, excel, sql, mysql, javascript"
232,"software engineer with experience in java, html, power bi, spring boot, javascript"
233,"data analyst with experience in sql, java, pandas"
234,"frontend developer with experience in pandas, machine learning, html, css, java, python, excel"
235,"software engineer with experience in numpy, power bi, pandas, machine learning, css, java, mysql"
236,"frontend developer with experience in sql, mysql, deep learning"
237,"backend developer with experience in mysql, excel, pandas, java, machine learning, spring boot"
238,"data analyst with experience in excel, deep learning, java, power bi, sql, python"
239,"data analyst with experience in excel, sql, react, deep learning, pandas, spring boot"
240,"machine learning engineer with experience in power bi, css, machine learning, react, javascript, html"
241,"backend developer with experience in deep learning, spring boot, python"
242,"frontend developer with experience in mysql, css, sql"
243,"data analyst with experience in sql, python, numpy"
244,"software engineer with experience in deep learning, sql, numpy, pandas, javascript"
245,"data analyst with experience in mysql, excel, javascript, java, machine learning, numpy"
246,"data analyst with experience in deep learning, javascript, python, react, spring boot, java"
247,"data scientist with experience in sql, java, machine learning, excel, spring boot"
248,"data scientist with experience in javascript, excel, pandas"
249,"data scientist with experience in machine learning, css, numpy, mysql, pandas, sql, python"
250,"machine learning engineer with experience in power bi, html, mysql, java, javascript, python"
251,"machine learning engineer with experience in python, mysql, pandas, react, javascript, sql, java"
252,"software engineer with experience in spring boot, java, mysql, sql, react, html"
253,"backend developer with experience in react, sql, css, pandas, python"
254,"data scientist with experience in html, java, power bi, deep learning, python, machine learning"
255,"data analyst with experience in pandas, html, excel, react"
256,"software engineer with experience in html, machine learning, java, power bi, css"
257,"software engineer with experience in power bi, deep learning, sql"
258,"data analyst with experience in deep learning, python, pandas, spring boot, mysql, react"
259,"frontend developer with experience in html, deep learning, power bi, react, javascript"
260,"data scientist with experience in mysql, power bi, css, spring boot, pandas, machine learning, html"
261,"frontend developer with experience in javascript, python, html"
262,"software engineer with experience in html, numpy, excel"
263,"software engineer with experience in spring boot, mysql, javascript, css, deep learning, react"
264,"machine learning engineer with experience in mysql, html, excel, spring boot, pandas, javascript, css"
265,"backend developer with experience in power bi, css, sql"
266,"frontend developer with experience in html, mysql, javascript, machine learning, react"
267,"backend developer with experience in power bi, numpy, java, react"
268,"frontend developer with experience in sql, react, mysql, power bi, html, excel, deep learning"
269,"backend developer with experience in javascript, css, java, python"
270,"software engineer with experience in html, react, css, excel, power bi, deep learning"
271,"frontend developer with experience in machine learning, power bi, html, react, java, css, spring boot"
272,"software engineer with experience in css, pandas, mysql"
273,"data analyst with experience in sql, react, pandas"
274,"software engineer with experience in html, pandas, react, power bi, deep learning"
275,"frontend developer with experience in numpy, python, deep learning, excel"
276,"frontend developer with experience in html, python, mysql, java, excel"
277,"machine learning engineer with experience in pandas, excel, power bi, machine learning, mysql, javascript"
278,"machine learning engineer with experience in pandas, spring boot, html, java"
279,"machine learning engineer with experience in python, css, excel"
280,"data scientist with experience in power bi, javascript, html, pandas, react, spring boot"
281,"data analyst with experience in react, pandas, css, mysql"
282,"data scientist with experience in mysql, css, javascript, machine learning, python, spring boot, pandas"
283,"frontend developer with experience in numpy, react, mysql"
284,"data analyst with experience in html, react, numpy, javascript"
285,"data scientist with experience in python, spring boot, deep learning, css, html"
286,"machine learning engineer with experience in mysql, machine learning, python, javascript, sql"
287,"data analyst with experience in spring boot, python, sql, mysql, java"
288,"software engineer with experience in mysql, javascript, react"
289,"data analyst with experience in sql, javascript, css, python"
290,"data analyst with experience in html, python, deep learning, machine learning, excel, mysql, spring boot"
291,"software engineer with experience in python, spring boot, power bi"
292,"data analyst with experience in mysql, python, html, deep learning, numpy"
293,"backend developer with experience in python, numpy, html, react, spring boot, css"
294,"backend developer with experience in react, deep learning, css, python, html"
295,"data analyst with experience in excel, python, javascript"
296,"frontend developer with experience in spring boot, css, react"
297,"backend developer with experience in mysql, python, javascript, css, power bi, excel, sql"
298,"backend developer with experience in power bi, html, python, pandas, sql, css, spring boot"
299,"software engineer with experience in sql, deep learning, python, css, javascript"
300,"backend developer with experience in deep learning, html, machine learning"
301,"software engineer with experience in numpy, python, excel, react, spring boot, java, css"
302,"data scientist with experience in pandas, numpy, spring boot, deep learning"
303,"software engineer with experience in machine learning, mysql, spring boot, excel, html"
304,"software engineer with experience in power bi, java, javascript"
305,"frontend developer with experience in javascript, excel, python, numpy"
306,"data analyst with experience in mysql, deep learning, python, javascript, css, html, java"
307,"data scientist with experience in html, pandas, spring boot, css, sql, excel, java"
308,"data scientist with experience in react, spring boot, excel, mysql, html, python, javascript"
309,"software engineer with experience in numpy, deep learning, html, react, pandas, spring boot, java"
310,"backend developer with experience in react, numpy, javascript, css, machine learning, excel"
311,"frontend developer with experience in pandas, html, css, machine learning, react, spring boot"
312,"machine learning engineer with experience in power bi, java, css"
313,"data analyst with experience in excel, react, css"
314,"machine learning engineer with experience in excel, python, sql, deep learning"
315,"software engineer with experience in deep learning, sql, mysql, spring boot, machine learning"
316,"software engineer with experience in mysql, python, machine learning, deep learning, javascript, html, java"
317,"frontend developer with experience in deep learning, java, excel, pandas, power bi, python"
318,"data analyst with experience in machine learning, excel, javascript, power bi, deep learning, sql"
319,"backend developer with experience in java, react, deep learning"
320,"data analyst with experience in pandas, react, spring boot, mysql, excel, machine learning"
321,"frontend developer with experience in mysql, excel, react, java, pandas, html"
322,"backend developer with experience in numpy, excel, css, power bi, html, react, java"
323,"software engineer with experience in html, pandas, spring boot, excel, machine learning, css"
324,"data analyst with experience in html, css, pandas, react, sql, excel, javascript"
325,"data scientist with experience in sql, deep learning, numpy"
326,"frontend developer with experience in javascript, mysql, html, react, excel, machine learning, java"
327,"data scientist with experience in spring boot, css, sql, javascript"
328,"data analyst with experience in deep learning, sql, excel, power bi"
329,"data analyst with experience in java, deep learning, spring boot, javascript, power bi, python"
330,"data scientist with experience in javascript, spring boot, react, python, deep learning, power bi, css"
331,"machine learning engineer with experience in python, spring boot, pandas"
332,"backend developer with experience in python, html, power bi, numpy, deep learning, react, java"
333,"data scientist with experience in spring boot, power bi, excel, html, react, javascript, python"
334,"backend developer with experience in spring boot, power bi, html"
335,"frontend developer with experience in excel, sql, pandas"
336,"backend developer with experience in sql, python, deep learning"
337,"software engineer with experience in javascript, html, numpy, css"
338,"data analyst with experience in sql, javascript, power bi, html, pandas"
339,"frontend developer with experience in deep learning, excel, python"
340,"data analyst with experience in css, react, deep learning"
341,"data scientist with experience in css, power bi, mysql, excel, react, machine learning, numpy"
342,"software engineer with experience in pandas, html, machine learning, python, sql, deep learning, mysql"
343,"software engineer with experience in excel, react, python"
344,"data analyst with experience in deep learning, power bi, sql, react"
345,"frontend developer with experience in machine learning, spring boot, css, excel, numpy"
346,"frontend developer with experience in deep learning, power bi, java, html, machine learning"
347,"software engineer with experience in deep learning, css, java, mysql, machine learning"
348,"software engineer with experience in java, pandas, numpy"
349,"backend developer with experience in react, javascript, html, excel, power bi, java"
350,"data analyst with experience in html, power bi, numpy, excel, mysql"
351,"software engineer with experience in react, power bi, javascript, spring boot, machine learning"
352,"data scientist with experience in html, machine learning, deep learning, python, css"
353,"data scientist with experience in numpy, css, machine learning, pandas, javascript, html, java"
354,"data analyst with experience in deep learning, javascript, machine learning, mysql, java, power bi, spring boot"
355,"data analyst with experience in react, numpy, python, power bi"
356,"backend developer with experience in java, mysql, machine learning"
357,"frontend developer with experience in deep learning, sql, mysql, pandas"
358,"software engineer with experience in html, numpy, deep learning, javascript, spring boot, css"
359,"frontend developer with experience in java, spring boot, machine learning, power bi, javascript"
360,"data analyst with experience in mysql, sql, java, deep learning, numpy, javascript"
361,"software engineer with experience in spring boot, react, excel, javascript, css, deep learning"
362,"software engineer with experience in sql, javascript, pandas, deep learning"
363,"data analyst with experience in deep learning, css, numpy, javascript, pandas, html, mysql"
364,"backend developer with experience in javascript, html, spring boot"
365,"frontend developer with experience in html, machine learning, deep learning"
366,"data analyst with experience in sql, numpy, machine learning"
367,"data scientist with experience in deep learning, css, excel, html"
368,"software engineer with experience in python, spring boot, mysql, machine learning, html"
369,"software engineer with experience in html, deep learning, machine learning, java, react, python, pandas"
370,"machine learning engineer with experience in html, machine learning, pandas, mysql, css, spring boot"
371,"machine learning engineer with experience in machine learning, sql, mysql"
372,"software engineer with experience in html, react, power bi"
373,"data scientist with experience in pandas, deep learning, html, power bi, sql"
374,"software engineer with experience in excel, python, deep learning, html"
375,"software engineer with experience in machine learning, power bi, html, numpy, css, sql, deep learning"
376,"backend developer with experience in java, numpy, mysql, html, power bi, css"
377,"software engineer with experience in numpy, power bi, react"
378,"data analyst with experience in numpy, spring boot, python, pandas, java, excel"
379,"machine learning engineer with experience in html, javascript, spring boot, numpy, deep learning, mysql"
380,"software engineer with experience in spring boot, java, sql, react, deep learning, css"
381,"backend developer with experience in javascript, excel, java, mysql"
382,"frontend developer with experience in react, excel, mysql, deep learning"
383,"backend developer with experience in html, java, spring boot, numpy, javascript, excel, react"
384,"frontend developer with experience in sql, java, html, javascript, pandas, react, deep learning"
385,"data analyst with experience in css, power bi, numpy, pandas, excel, javascript, spring boot"
386,"backend developer with experience in html, excel, pandas, mysql, python"
387,"backend developer with experience in mysql, deep learning, spring boot"
388,"machine learning engineer with experience in power bi, numpy, mysql, spring boot, machine learning, pandas"
389,"data analyst with experience in python, spring boot, css, mysql, machine learning, react, numpy"
390,"machine learning engineer with experience in java, sql, machine learning"
391,"backend developer with experience in machine learning, excel, html, sql, deep learning"
392,"data analyst with experience in javascript, numpy, spring boot, java, mysql"
393,"machine learning engineer with experience in react, mysql, pandas, deep learning, css"
394,"data analyst with experience in mysql, react, deep learning, java, spring boot, power bi"
395,"frontend developer with experience in mysql, css, react"
396,"data analyst with experience in react, css, numpy, deep learning, java, javascript, power bi"
397,"software engineer with experience in css, power bi, javascript, mysql, excel, spring boot"
398,"data scientist with experience in react, numpy, css, spring boot, excel, mysql"
399,"machine learning engineer with experience in html, java, react, deep learning"
400,"backend developer with experience in python, pandas, html, spring boot, machine learning, sql"
401,"backend developer with experience in machine learning, css, numpy, power bi"
402,"data analyst with experience in spring boot, python, sql, power bi"
403,"frontend developer with experience in css, pandas, sql, excel"
404,"machine learning engineer with experience in machine learning, excel, sql, html"
405,"software engineer with experience in css, sql, python"
406,"data scientist with experience in javascript, react, numpy, python"
407,"machine learning engineer with experience in mysql, machine learning, html, css, javascript"
408,"data scientist with experience in machine learning, css, html, javascript"
409,"frontend developer with experience in deep learning, power bi, css"
410,"data analyst with experience in html, javascript, deep learning, python, power bi, sql, machine learning"
411,"frontend developer with experience in numpy, react, deep learning, excel, mysql, python, java"
412,"software engineer with experience in html, python, excel, machine learning"
413,"data analyst with experience in python, numpy, sql, mysql, deep learning, excel, pandas"
414,"frontend developer with experience in javascript, power bi, java, sql"
415,"backend developer with experience in javascript, pandas, sql"
416,"data analyst with experience in mysql, deep learning, html"
417,"backend developer with experience in pandas, html, mysql, power bi, python, machine learning"
418,"machine learning engineer with experience in css, javascript, deep learning, power bi, html, pandas"
419,"data scientist with experience in html, css, excel, deep learning, javascript, power bi, spring boot"
420,"machine learning engineer with experience in spring boot, numpy, react, pandas, java, javascript, excel"
421,"machine learning engineer with experience in deep learning, pandas, power bi, numpy, spring boot, html, python"
422,"frontend developer with experience in mysql, pandas, spring boot, html, power bi, numpy"
423,"data analyst with experience in numpy, html, mysql, javascript, spring boot"
424,"data scientist with experience in java, react, power bi, python, machine learning, pandas"
425,"data scientist with experience in machine learning, spring boot, sql, deep learning, python, css"
426,"backend developer with experience in html, pandas, spring boot, deep learning, css, python, excel"
427,"backend developer with experience in react, power bi, java, python"
428,"frontend developer with experience in deep learning, mysql, numpy, excel"
429,"software engineer with experience in spring boot, html, css, javascript, sql, java"
430,"backend developer with experience in pandas, html, python, excel, css, javascript, machine learning"
431,"data analyst with experience in python, react, javascript, spring boot, sql"
432,"data analyst with experience in machine learning, html, numpy"
433,"backend developer with experience in python, java, react, sql, html, power bi, javascript"
434,"software engineer with experience in react, sql, python, deep learning, machine learning, javascript"
435,"software engineer with experience in java, deep learning, power bi, numpy"
436,"frontend developer with experience in python, css, html, spring boot, javascript"
437,"software engineer with experience in sql, spring boot, excel, pandas, html, numpy"
438,"backend developer with experience in power bi, javascript, machine learning, deep learning, css"
439,"frontend developer with experience in numpy, power bi, java, machine learning, spring boot, javascript"
440,"frontend developer with experience in css, power bi, numpy, react, pandas, sql"
441,"machine learning engineer with experience in pandas, deep learning, python, react, power bi, css, java"
442,"frontend developer with experience in python, react, java"
443,"data analyst with experience in numpy, deep learning, mysql, excel, sql"
444,"backend developer with experience in html, machine learning, excel, power bi, sql, deep learning"
445,"machine learning engineer with experience in python, spring boot, sql, java"
446,"backend developer with experience in python, deep learning, java, excel"
447,"software engineer with experience in css, excel, pandas, power bi"
448,"software engineer with experience in power bi, python, css, java, excel, react, deep learning"
449,"frontend developer with experience in java, pandas, numpy"
450,"backend developer with experience in machine learning, deep learning, react"
451,"machine learning engineer with experience in python, spring boot, deep learning, excel, html"
452,"backend developer with experience in numpy, excel, sql, power bi"
453,"backend developer with experience in pandas, power bi, react, css"
454,"machine learning engineer with experience in deep learning, machine learning, pandas, mysql, sql"
455,"data analyst with experience in power bi, spring boot, python, css, html, machine learning, react"
456,"data scientist with experience in javascript, java, excel, mysql, react"
457,"data scientist with experience in java, mysql, css, excel"
458,"frontend developer with experience in numpy, deep learning, react"
459,"data scientist with experience in deep learning, mysql, python, html"
460,"data analyst with experience in react, css, java, deep learning"
461,"data scientist with experience in excel, power bi, deep learning, sql, mysql, machine learning, javascript"
462,"frontend developer with experience in javascript, spring boot, sql"
463,"data scientist with experience in numpy, html, sql"
464,"data scientist with experience in python, machine learning, spring boot, html, excel"
465,"backend developer with experience in excel, react, html, css"
466,"backend developer with experience in spring boot, pandas, react, python, javascript, mysql, css"
467,"software engineer with experience in css, excel, pandas, html, numpy, mysql"
468,"backend developer with experience in mysql, css, react, python, deep learning, excel"
469,"backend developer with experience in html, pandas, css, deep learning"
470,"data analyst with experience in power bi, react, spring boot, excel, machine learning, html"
471,"software engineer with experience in machine learning, python, java, power bi"
472,"backend developer with experience in html, pandas, sql"
473,"frontend developer with experience in numpy, excel, machine learning"
474,"backend developer with experience in react, machine learning, sql, css, javascript, deep learning"
475,"backend developer with experience in react, css, spring boot, machine learning, mysql, numpy, pandas"
476,"data scientist with experience in react, mysql, numpy, html, java"
477,"software engineer with experience in mysql, html, machine learning, java, spring boot"
478,"data analyst with experience in machine learning, html, excel, java, css, pandas"
479,"data analyst with experience in pandas, javascript, html, java"
480,"machine learning engineer with experience in javascript, pandas, numpy, python, spring boot"
481,"frontend developer with experience in css, power bi, pandas"
482,"software engineer with experience in deep learning, spring boot, css, html, mysql, power bi, numpy"
483,"data analyst with experience in java, sql, css, html"
484,"software engineer with experience in deep learning, css, pandas, mysql"
485,"data scientist with experience in javascript, mysql, deep learning, power bi, numpy, react"
486,"frontend developer with experience in sql, java, css, javascript"
487,"machine learning engineer with experience in html, power bi, spring boot, numpy, react, deep learning"
488,"backend developer with experience in javascript, deep learning, java, html"
489,"backend developer with experience in mysql, javascript, numpy, spring boot, css, python"
490,"frontend developer with experience in python, excel, pandas, react, machine learning"
491,"backend developer with experience in javascript, python, deep learning"
492,"data analyst with experience in mysql, css, power bi"
493,"machine learning engineer with experience in mysql, javascript, react, spring boot, html, css, excel"
494,"software engineer with experience in mysql, spring boot, numpy, python, html"
495,"data scientist with experience in python, mysql, machine learning, html, javascript, deep learning, power bi"
496,"data analyst with experience in mysql, pandas, python, react, javascript, css, java"
497,"backend developer with experience in numpy, power bi, spring boot, css, excel, javascript"
498,"data scientist with experience in react, machine learning, power bi, sql, deep learning"
499,"frontend developer with experience in pandas, power bi, machine learning, html, css, excel"
500,"data scientist with experience in excel, html, numpy, machine learning, react, spring boot"
501,"machine learning engineer with experience in javascript, numpy, deep learning"
502,"data analyst with experience in mysql, spring boot, numpy"
503,"backend developer with experience in react, numpy, html, css, sql, pandas"
504,"data scientist with experience in python, power bi, numpy, mysql"
505,"software engineer with experience in java, excel, css, javascript, numpy"
506,"data scientist with experience in html, python, pandas, machine learning"
507,"machine learning engineer with experience in html, numpy, spring boot, javascript"
508,"frontend developer with experience in javascript, java, css, spring boot, sql, deep learning"
509,"frontend developer with experience in numpy, python, html, sql, machine learning"
510,"software engineer with experience in python, mysql, react, deep learning, javascript"
511,"machine learning engineer with experience in java, pandas, css, spring boot, power bi"
512,"data scientist with experience in html, sql, machine learning, spring boot"
513,"frontend developer with experience in html, deep learning, python"
514,"data scientist with experience in pandas, mysql, power bi, html, sql, numpy"
515,"data analyst with experience in pandas, deep learning, spring boot"
516,"data analyst with experience in html, deep learning, css, pandas, java, excel"
517,"data analyst with experience in numpy, spring boot, power bi, sql, excel"
518,"software engineer with experience in javascript, power bi, excel"
519,"software engineer with experience in javascript, react, mysql, spring boot"
520,"frontend developer with experience in java, mysql, python, machine learning, sql"
521,"backend developer with experience in sql, react, power bi, html, css, pandas, mysql"
522,"software engineer with experience in deep learning, power bi, sql, mysql"
523,"data analyst with experience in sql, javascript, excel"
524,"backend developer with experience in spring boot, machine learning, sql, numpy, java, css"
525,"machine learning engineer with experience in react, pandas, numpy, mysql"
526,"data analyst with experience in javascript, deep learning, sql, mysql, html, spring boot"
527,"backend developer with experience in mysql, numpy, excel, html, react, javascript"
528,"data analyst with experience in pandas, machine learning, react"
529,"machine learning engineer with experience in react, html, power bi, python"
530,"data analyst with experience in css, power bi, python, html"
531,"data scientist with experience in python, deep learning, react, machine learning"
532,"data scientist with experience in react, excel, numpy"
533,"frontend developer with experience in react, numpy, sql"
534,"data analyst with experience in power bi, react, excel"
535,"data scientist with experience in numpy, sql, power bi, css"
536,"backend developer with experience in sql, deep learning, javascript, css, html"
537,"data analyst with experience in excel, numpy, power bi"
538,"backend developer with experience in java, python, machine learning, css, mysql, pandas"
539,"machine learning engineer with experience in numpy, deep learning, spring boot"
540,"software engineer with experience in java, css, javascript, html, sql"
541,"data scientist with experience in mysql, spring boot, css"
542,"machine learning engineer with experience in html, mysql, react"
543,"machine learning engineer with experience in numpy, javascript, power bi, html"
544,"frontend developer with experience in pandas, sql, mysql, python, html"
545,"backend developer with experience in mysql, spring boot, machine learning, java, sql, power bi, deep learning"
546,"backend developer with experience in machine learning, excel, mysql, power bi"
547,"data scientist with experience in pandas, excel, html, css, python, deep learning, mysql"
548,"frontend developer with experience in javascript, css, sql, power bi, mysql"
549,"software engineer with experience in react, spring boot, html, css, numpy, power bi"
550,"backend developer with experience in pandas, excel, java"
551,"frontend developer with experience in java, react, pandas, javascript, machine learning, mysql"
552,"software engineer with experience in java, javascript, html"
553,"frontend developer with experience in machine learning, java, javascript, numpy, react"
554,"machine learning engineer with experience in pandas, mysql, css, power bi, deep learning, excel, python"
555,"data scientist with experience in excel, html, sql, react, spring boot, power bi"
556,"data scientist with experience in sql, java, mysql"
557,"data analyst with experience in deep learning, numpy, sql"
558,"data analyst with experience in numpy, python, excel, pandas"
559,"software engineer with experience in deep learning, sql, spring boot"
560,"data scientist with experience in javascript, deep learning, spring boot, power bi, python, machine learning"
561,"data analyst with experience in power bi, react, python, deep learning, machine learning, excel, java"
562,"data scientist with experience in pandas, machine learning, sql"
563,"data analyst with experience in machine learning, power bi, python"
564,"frontend developer with experience in spring boot, javascript, html, sql, java, python"
565,"machine learning engineer with experience in react, pandas, html, mysql, spring boot"
566,"frontend developer with experience in javascript, excel, react"
567,"backend developer with experience in machine learning, python, react, mysql, java"
568,"data analyst with experience in mysql, react, power bi, numpy, spring boot, java, sql"
569,"frontend developer with experience in python, javascript, react"
570,"backend developer with experience in java, pandas, python"
571,"frontend developer with experience in power bi, python, react"
572,"software engineer with experience in machine learning, html, javascript, deep learning, java"
573,"backend developer with experience in machine learning, mysql, python, deep learning, pandas"
574,"data analyst with experience in python, machine learning, mysql"
575,"data scientist with experience in css, power bi, html"
576,"data analyst with experience in deep learning, java, css, javascript, html"
577,"backend developer with experience in sql, javascript, css, power bi, excel, java, deep learning"
578,"data analyst with experience in html, deep learning, numpy"
579,"data scientist with experience in spring boot, python, deep learning, numpy, excel"
580,"frontend developer with experience in power bi, java, deep learning"
581,"machine learning engineer with experience in javascript, deep learning, excel, machine learning, mysql, python"
582,"frontend developer with experience in css, python, power bi"
583,"software engineer with experience in machine learning, html, java, react, numpy, mysql, javascript"
584,"software engineer with experience in machine learning, pandas, mysql, numpy, html, excel"
585,"backend developer with experience in numpy, python, sql, spring boot"
586,"data scientist with experience in power bi, numpy, mysql, machine learning, html, pandas"
587,"machine learning engineer with experience in deep learning, css, sql, java, react, python, power bi"
588,"software engineer with experience in power bi, javascript, java, html, excel, pandas, spring boot"
589,"software engineer with experience in java, numpy, excel, mysql"
590,"data analyst with experience in javascript, mysql, html, deep learning, react, excel, machine learning"
591,"data analyst with experience in deep learning, javascript, numpy"
592,"machine learning engineer with experience in html, numpy, css, react, mysql, machine learning, python"
593,"backend developer with experience in mysql, python, react"
594,"data analyst with experience in pandas, java, html"
595,"backend developer with experience in excel, react, java, pandas, css, python"
596,"data analyst with experience in numpy, python, html, spring boot, mysql"
597,"machine learning engineer with experience in sql, numpy, power bi, machine learning, mysql, react"
598,"frontend developer with experience in excel, python, spring boot, react, numpy, html"
599,"machine learning engineer with experience in sql, excel, pandas"
600,"machine learning engineer with experience in java, react, numpy, pandas, html, power bi, sql"
601,"data scientist with experience in excel, numpy, css"
602,"software engineer with experience in sql, mysql, react, javascript, deep learning, numpy, power bi"
603,"machine learning engineer with experience in python, mysql, pandas"
604,"data scientist with experience in mysql, javascript, machine learning, html"
605,"backend developer with experience in mysql, sql, css, javascript, html, power bi"
606,"data analyst with experience in deep learning, java, pandas, machine learning"
607,"frontend developer with experience in pandas, css, deep learning, java"
608,"frontend developer with experience in javascript, mysql, spring boot, power bi, react, python"
609,"software engineer with experience in excel, html, spring boot, python, mysql, numpy, javascript"
610,"data scientist with experience in javascript, html, machine learning, mysql, power bi, java, spring boot"
611,"data analyst with experience in excel, css, numpy, sql, mysql, python"
612,"frontend developer with experience in react, numpy, power bi, mysql, python, pandas, java"
613,"data analyst with experience in css, mysql, pandas, power bi, deep learning"
614,"data scientist with experience in mysql, css, power bi, machine learning, react"
615,"frontend developer with experience in mysql, excel, pandas, javascript"
616,"data analyst with experience in react, spring boot, css, python, deep learning"
617,"machine learning engineer with experience in java, numpy, sql, pandas, python"
618,"backend developer with experience in machine learning, react, mysql, html"
619,"machine learning engineer with experience in deep learning, pandas, sql, html, mysql"
620,"frontend developer with experience in python, machine learning, numpy, css, react, spring boot, mysql"
621,"data analyst with experience in javascript, python, css, excel, numpy"
622,"data analyst with experience in pandas, spring boot, java, deep learning, javascript, css"
623,"data scientist with experience in pandas, deep learning, javascript, react, spring boot"
624,"machine learning engineer with experience in java, mysql, html, deep learning"
625,"data analyst with experience in react, pandas, power bi, python, numpy"
626,"backend developer with experience in sql, power bi, mysql, react, deep learning"
627,"backend developer with experience in deep learning, javascript, sql"
628,"data analyst with experience in javascript, numpy, sql, python, power bi, mysql, css"
629,"machine learning engineer with experience in excel, css, pandas, power bi, machine learning"
630,"software engineer with experience in numpy, java, deep learning"
631,"backend developer with experience in excel, javascript, java, css, spring boot, deep learning, machine learning"
632,"backend developer with experience in java, machine learning, spring boot, deep learning, pandas, react"
633,"frontend developer with experience in html, excel, machine learning"
634,"backend developer with experience in react, excel, power bi"
635,"data analyst with experience in deep learning, css, pandas, spring boot, excel, javascript, power bi"
636,"data scientist with experience in deep learning, pandas, javascript, excel"
637,"software engineer with experience in power bi, python, javascript, deep learning, css, mysql"
638,"machine learning engineer with experience in numpy, deep learning, excel"
639,"backend developer with experience in pandas, css, html, mysql, java, excel, deep learning"
640,"data analyst with experience in python, css, spring boot"
641,"frontend developer with experience in html, css, python, react, excel"
642,"data scientist with experience in excel, mysql, java"
643,"backend developer with experience in power bi, deep learning, machine learning"
644,"data analyst with experience in power bi, pandas, javascript, python"
645,"frontend developer with experience in pandas, machine learning, numpy, react, mysql"
646,"frontend developer with experience in pandas, numpy, javascript, machine learning, python, css, power bi"
647,"backend developer with experience in python, java, react, excel, css, power bi, javascript"
648,"data analyst with experience in python, mysql, deep learning, javascript, spring boot, machine learning, html"
649,"software engineer with experience in javascript, excel, power bi, python"
650,"data scientist with experience in javascript, spring boot, machine learning, css, mysql, html"
651,"software engineer with experience in javascript, spring boot, excel"
652,"software engineer with experience in deep learning, python, java, react, mysql, sql, numpy"
653,"machine learning engineer with experience in html, react, sql, pandas, javascript, machine learning, excel"
654,"frontend developer with experience in excel, machine learning, spring boot, mysql"
655,"backend developer with experience in javascript, machine learning, power bi, deep learning, mysql, python"
656,"frontend developer with experience in javascript, excel, css, pandas, numpy, spring boot"
657,"software engineer with experience in power bi, excel, machine learning, spring boot"
658,"data analyst with experience in java, power bi, sql"
659,"software engineer with experience in css, excel, numpy"
660,"machine learning engineer with experience in mysql, sql, react, html, deep learning"
661,"backend developer with experience in sql, machine learning, react, numpy, mysql, power bi, spring boot"
662,"software engineer with experience in machine learning, pandas, javascript, numpy, sql, deep learning, spring boot"
663,"data scientist with experience in excel, pandas, numpy, css, mysql"
664,"data scientist with experience in react, sql, deep learning"
665,"software engineer with experience in java, pandas, javascript, excel, power bi"
666,"data analyst with experience in react, excel, power bi, html, pandas"
667,"software engineer with experience in css, sql, deep learning, pandas"
668,"machine learning engineer with experience in excel, javascript, machine learning, spring boot, html, power bi, pandas"
669,"frontend developer with experience in sql, power bi, react, pandas, css, javascript"
670,"backend developer with experience in power bi, spring boot, python, sql"
671,"data scientist with experience in python, react, excel, sql, deep learning, pandas"
672,"frontend developer with experience in html, java, deep learning, javascript, excel, python, numpy"
673,"software engineer with experience in power bi, numpy, css, python, javascript"
674,"data analyst with experience in sql, deep learning, javascript, java, css, machine learning"
675,"frontend developer with experience in power bi, mysql, sql, react, excel, css"
676,"frontend developer with experience in mysql, javascript, power bi, python, spring boot, numpy, pandas"
677,"software engineer with experience in html, css, python, machine learning, react, deep learning, java"
678,"frontend developer with experience in pandas, java, python"
679,"backend developer with experience in mysql, python, javascript, css, numpy, sql, machine learning"
680,"frontend developer with experience in css, machine learning, pandas, react, java"
681,"data scientist with experience in deep learning, react, machine learning, spring boot, numpy, javascript"
682,"machine learning engineer with experience in numpy, java, machine learning, pandas, spring boot, deep learning, html"
683,"data analyst with experience in javascript, pandas, react"
684,"data analyst with experience in sql, excel, python, react, mysql, css, machine learning"
685,"data analyst with experience in python, html, javascript, css, machine learning, excel, react"
686,"data analyst with experience in pandas, deep learning, excel, numpy"
687,"frontend developer with experience in machine learning, sql, pandas, deep learning, excel, html"
688,"backend developer with experience in css, power bi, sql"
689,"machine learning engineer with experience in java, html, sql, deep learning, machine learning"
690,"machine learning engineer with experience in sql, react, machine learning, power bi, spring boot"
691,"software engineer with experience in sql, numpy, power bi, python, spring boot, pandas"
692,"machine learning engineer with experience in mysql, numpy, sql, deep learning, javascript, python, java"
693,"machine learning engineer with experience in power bi, mysql, react, sql, java, machine learning"
694,"data scientist with experience in css, html, mysql, pandas, javascript, deep learning, react"
695,"data scientist with experience in python, excel, deep learning"
696,"data analyst with experience in deep learning, java, mysql"
697,"backend developer with experience in javascript, power bi, react, java, sql"
698,"backend developer with experience in react, deep learning, pandas, excel, machine learning"
699,"machine learning engineer with experience in power bi, spring boot, mysql, machine learning, html, numpy, css"
700,"data scientist with experience in deep learning, css, java, sql, mysql, machine learning"
701,"frontend developer with experience in pandas, power bi, machine learning, sql, react"
702,"machine learning engineer with experience in css, numpy, java"
703,"frontend developer with experience in pandas, java, numpy, react"
704,"machine learning engineer with experience in mysql, react, deep learning, python, machine learning, java, sql"
705,"machine learning engineer with experience in excel, power bi, deep learning"
706,"frontend developer with experience in javascript, excel, java, react, pandas, deep learning, css"
707,"frontend developer with experience in java, react, machine learning, javascript, html, spring boot, numpy"
708,"data scientist with experience in machine learning, sql, numpy, java, html"
709,"data analyst with experience in html, mysql, pandas"
710,"data analyst with experience in deep learning, pandas, java, machine learning"
711,"machine learning engineer with experience in mysql, javascript, pandas, spring boot, sql"
712,"software engineer with experience in deep learning, pandas, react, machine learning, excel"
713,"software engineer with experience in java, sql, python, css, pandas"
714,"frontend developer with experience in pandas, numpy, react, machine learning, css, html, java"
715,"backend developer with experience in power bi, deep learning, machine learning, numpy, pandas, javascript"
716,"machine learning engineer with experience in html, numpy, react, sql"
717,"backend developer with experience in react, power bi, sql, css, numpy, python"
718,"software engineer with experience in javascript, java, mysql, deep learning"
719,"data analyst with experience in excel, numpy, css, pandas, python, deep learning"
720,"data analyst with experience in pandas, react, css, python, machine learning, excel"
721,"data scientist with experience in css, react, excel, deep learning, numpy"
722,"frontend developer with experience in python, react, excel, numpy, java, mysql, spring boot"
723,"software engineer with experience in power bi, css, deep learning, mysql, excel, pandas, sql"
724,"data scientist with experience in html, pandas, excel, sql, deep learning, javascript"
725,"machine learning engineer with experience in java, javascript, excel, sql, react"
726,"backend developer with experience in pandas, mysql, power bi, spring boot"
727,"machine learning engineer with experience in mysql, css, spring boot, pandas"
728,"machine learning engineer with experience in python, sql, react, power bi"
729,"backend developer with experience in deep learning, java, power bi, excel"
730,"backend developer with experience in css, html, power bi"
731,"backend developer with experience in excel, mysql, pandas"
732,"software engineer with experience in javascript, machine learning, css, deep learning, java"
733,"software engineer with experience in machine learning, python, power bi, java, pandas, numpy"
734,"frontend developer with experience in power bi, machine learning, python, javascript, java, pandas"
735,"backend developer with experience in sql, mysql, numpy"
736,"software engineer with experience in spring boot, java, numpy, sql, html, python"
737,"data scientist with experience in spring boot, deep learning, mysql"
738,"data scientist with experience in spring boot, numpy, css, java"
739,"backend developer with experience in java, deep learning, html, python, mysql"
740,"backend developer with experience in python, react, css, machine learning, pandas, deep learning, excel"
741,"frontend developer with experience in excel, mysql, sql, power bi, machine learning, spring boot"
742,"machine learning engineer with experience in java, python, mysql"
743,"frontend developer with experience in excel, html, java, numpy"
744,"data analyst with experience in mysql, machine learning, deep learning, power bi"
745,"data analyst with experience in css, machine learning, numpy"
746,"data scientist with experience in javascript, pandas, css, python, deep learning, spring boot, machine learning"
747,"data scientist with experience in numpy, sql, excel, spring boot, java, pandas"
748,"data analyst with experience in deep learning, numpy, mysql, excel, pandas"
749,"data scientist with experience in power bi, sql, excel, html, python, react"
750,"data scientist with experience in power bi, react, javascript, java, css"
751,"software engineer with experience in python, css, mysql, excel, power bi, java, machine learning"
752,"data analyst with experience in html, react, power bi"
753,"machine learning engineer with experience in html, react, python, javascript, mysql, deep learning, power bi"
754,"data analyst with experience in sql, deep learning, python, pandas, react"
755,"frontend developer with experience in react, mysql, sql, pandas, python, java"
756,"data analyst with experience in spring boot, javascript, pandas, power bi, python"
757,"data scientist with experience in pandas, deep learning, machine learning, power bi"
758,"software engineer with experience in machine learning, deep learning, pandas, html, java, javascript, sql"
759,"data scientist with experience in excel, spring boot, mysql, html"
760,"backend developer with experience in python, machine learning, pandas, deep learning, javascript, numpy"
761,"machine learning engineer with experience in mysql, sql, css, html, power bi, pandas"
762,"backend developer with experience in mysql, spring boot, react"
763,"frontend developer with experience in python, css, html, mysql, excel, power bi"
764,"backend developer with experience in css, java, machine learning, excel, pandas, react"
765,"data analyst with experience in power bi, sql, html, css, java, deep learning"
766,"backend developer with experience in python, sql, pandas"
767,"data analyst with experience in power bi, react, html, deep learning, machine learning"
768,"backend developer with experience in excel, numpy, machine learning, pandas, power bi"
769,"data scientist with experience in mysql, javascript, css, power bi, html, sql"
770,"data scientist with experience in react, numpy, power bi, pandas"
771,"data scientist with experience in react, numpy, sql, deep learning, excel, css, python"
772,"software engineer with experience in css, deep learning, react, pandas, machine learning, mysql"
773,"software engineer with experience in html, sql, css, mysql, machine learning, javascript"
774,"backend developer with experience in numpy, css, pandas, power bi, excel, javascript"
775,"backend developer with experience in sql, numpy, css, deep learning"
776,"machine learning engineer with experience in machine learning, python, numpy, css, excel, power bi, mysql"
777,"frontend developer with experience in sql, deep learning, html, spring boot"
778,"machine learning engineer with experience in machine learning, deep learning, css, sql, python"
779,"frontend developer with experience in python, javascript, spring boot"
780,"frontend developer with experience in html, excel, java"
781,"machine learning engineer with experience in mysql, css, numpy, pandas, excel"
782,"backend developer with experience in excel, machine learning, power bi"
783,"frontend developer with experience in javascript, deep learning, sql"
784,"machine learning engineer with experience in machine learning, power bi, spring boot, java, pandas, react"
785,"data scientist with experience in pandas, deep learning, mysql, machine learning"
786,"data analyst with experience in machine learning, java, sql"
787,"frontend developer with experience in deep learning, html, react, javascript"
788,"backend developer with experience in numpy, power bi, mysql, excel, spring boot"
789,"data analyst with experience in spring boot, html, excel, pandas"
790,"backend developer with experience in excel, pandas, css"
791,"machine learning engineer with experience in mysql, excel, react, spring boot, deep learning"
792,"data analyst with experience in python, mysql, sql, java, excel, html"
793,"frontend developer with experience in mysql, deep learning, python, power bi, java, numpy"
794,"software engineer with experience in machine learning, excel, sql, css"
795,"backend developer with experience in pandas, power bi, machine learning, excel, sql"
796,"data scientist with experience in java, python, sql, mysql, html, numpy, javascript"
797,"machine learning engineer with experience in machine learning, spring boot, css, react"
798,"machine learning engineer with experience in deep learning, css, sql, html, spring boot, excel, numpy"
799,"software engineer with experience in spring boot, power bi, javascript, excel"
800,"backend developer with experience in java, spring boot, pandas"
801,"backend developer with experience in mysql, power bi, deep learning, numpy"
802,"data scientist with experience in css, sql, html, python"
803,"data scientist with experience in spring boot, excel, javascript"
804,"backend developer with experience in sql, react, css"
805,"machine learning engineer with experience in sql, numpy, javascript, pandas"
806,"data analyst with experience in sql, javascript, deep learning, spring boot, pandas, numpy, machine learning"
807,"data analyst with experience in react, numpy, machine learning, sql"
808,"data scientist with experience in python, machine learning, html, java"
809,"frontend developer with experience in sql, machine learning, deep learning, css, java, pandas"
810,"data analyst with experience in sql, react, excel, numpy, java, pandas, javascript"
811,"backend developer with experience in react, deep learning, mysql, javascript"
812,"machine learning engineer with experience in spring boot, sql, power bi, pandas, python, html"
813,"frontend developer with experience in deep learning, html, numpy, power bi, java"
814,"frontend developer with experience in power bi, sql, python"
815,"machine learning engineer with experience in react, excel, javascript, pandas, html, java, deep learning"
816,"frontend developer with experience in javascript, power bi, mysql"
817,"software engineer with experience in spring boot, python, deep learning, javascript, mysql, java, excel"
818,"machine learning engineer with experience in deep learning, pandas, excel, css, machine learning, power bi"
819,"data analyst with experience in machine learning, numpy, python, react, excel, power bi"
820,"machine learning engineer with experience in machine learning, css, power bi, html, deep learning, spring boot"
821,"data scientist with experience in html, mysql, spring boot, react, java"
822,"frontend developer with experience in numpy, spring boot, power bi, sql"
823,"data analyst with experience in excel, spring boot, sql, numpy"
824,"data analyst with experience in deep learning, pandas, mysql, spring boot"
825,"machine learning engineer with experience in numpy, power bi, javascript, deep learning"
826,"data analyst with experience in numpy, spring boot, sql, power bi, java, excel"
827,"data analyst with experience in pandas, spring boot, css, power bi, html, numpy"
828,"software engineer with experience in power bi, javascript, sql, css, java, pandas, deep learning"
829,"software engineer with experience in css, excel, sql, power bi"
830,"software engineer with experience in python, html, excel"
831,"software engineer with experience in react, html, deep learning, numpy, css, excel"
832,"frontend developer with experience in css, javascript, mysql, machine learning"
833,"data analyst with experience in sql, html, css"
834,"data scientist with experience in python, mysql, machine learning, javascript"
835,"machine learning engineer with experience in sql, spring boot, python, excel, javascript, css, pandas"
836,"backend developer with experience in css, mysql, power bi, spring boot, java, html"
837,"frontend developer with experience in pandas, mysql, react, sql, power bi, javascript"
838,"frontend developer with experience in html, sql, javascript, pandas, spring boot, css, deep learning"
839,"data scientist with experience in python, numpy, css, machine learning"
840,"data scientist with experience in java, deep learning, html, numpy"
841,"backend developer with experience in machine learning, spring boot, numpy, java, javascript"
842,"machine learning engineer with experience in css, java, numpy, python"
843,"machine learning engineer with experience in html, sql, excel, machine learning, deep learning"
844,"machine learning engineer with experience in javascript, excel, machine learning"
845,"backend developer with experience in machine learning, pandas, java, deep learning, css, python"
846,"frontend developer with experience in python, mysql, css, deep learning"
847,"data analyst with experience in java, html, css, mysql"
848,"frontend developer with experience in mysql, power bi, react, numpy, javascript"
849,"backend developer with experience in javascript, css, numpy, power bi, mysql, excel"
850,"software engineer with experience in react, pandas, html, java, sql, deep learning, numpy"
851,"backend developer with experience in power bi, react, sql, deep learning, spring boot, mysql, numpy"
852,"machine learning engineer with experience in css, react, javascript, machine learning, power bi, sql, pandas"
853,"backend developer with experience in javascript, mysql, css, python, java"
854,"machine learning engineer with experience in deep learning, sql, power bi"
855,"software engineer with experience in power bi, deep learning, css, javascript, python"
856,"backend developer with experience in html, deep learning, excel, power bi, numpy, mysql"
857,"software engineer with experience in python, javascript, html, java"
858,"frontend developer with experience in html, excel, java, react"
859,"machine learning engineer with experience in spring boot, excel, pandas"
860,"backend developer with experience in mysql, spring boot, excel"
861,"frontend developer with experience in numpy, machine learning, html, mysql, java"
862,"machine learning engineer with experience in power bi, numpy, sql, css, java, html, deep learning"
863,"data scientist with experience in machine learning, excel, deep learning, pandas, mysql, python"
864,"data analyst with experience in javascript, react, mysql"
865,"software engineer with experience in power bi, java, mysql, pandas, sql, numpy"
866,"frontend developer with experience in css, mysql, html"
867,"data analyst with experience in java, numpy, machine learning"
868,"software engineer with experience in javascript, power bi, html, python, numpy"
869,"backend developer with experience in deep learning, java, javascript"
870,"data scientist with experience in numpy, spring boot, java, html"
871,"machine learning engineer with experience in machine learning, javascript, power bi, java, spring boot, css, pandas"
872,"software engineer with experience in machine learning, css, html, sql, pandas, excel"
873,"software engineer with experience in javascript, react, numpy, machine learning, pandas"
874,"frontend developer with experience in spring boot, css, html, excel, java"
875,"backend developer with experience in machine learning, react, css, html, numpy, python"
876,"data scientist with experience in python, sql, power bi, deep learning, pandas, spring boot, machine learning"
877,"data scientist with experience in deep learning, css, html, machine learning, pandas"
878,"data scientist with experience in excel, pandas, java, spring boot, python, sql, deep learning"
879,"machine learning engineer with experience in java, excel, python, deep learning"
880,"data scientist with experience in css, pandas, html, mysql"
881,"backend developer with experience in mysql, sql, java, excel, pandas, machine learning, deep learning"
882,"machine learning engineer with experience in pandas, javascript, deep learning"
883,"frontend developer with experience in power bi, html, javascript, sql, java"
884,"data analyst with experience in mysql, javascript, react"
885,"frontend developer with experience in spring boot, sql, pandas, react, python"
886,"machine learning engineer with experience in numpy, css, javascript, python, deep learning, power bi"
887,"backend developer with experience in spring boot, deep learning, sql, numpy, machine learning, java, pandas"
888,"software engineer with experience in sql, machine learning, numpy, html"
889,"data analyst with experience in excel, machine learning, power bi"
890,"frontend developer with experience in spring boot, java, machine learning, pandas"
891,"frontend developer with experience in react, python, deep learning, mysql, html, machine learning"
892,"software engineer with experience in numpy, pandas, power bi, sql, spring boot, deep learning, mysql"
893,"data scientist with experience in excel, deep learning, sql, numpy, java, machine learning"
894,"data scientist with experience in mysql, power bi, excel, machine learning"
895,"data scientist with experience in numpy, react, deep learning, excel, mysql, pandas"
896,"software engineer with experience in react, css, python, excel, numpy"
897,"data analyst with experience in machine learning, react, power bi, mysql, java, html"
898,"frontend developer with experience in mysql, machine learning, excel, sql"
899,"frontend developer with experience in html, mysql, spring boot, css, deep learning, react, numpy"
900,"software engineer with experience in power bi, excel, react, deep learning, pandas, sql"
901,"frontend developer with experience in java, deep learning, react, sql, power bi, html"
902,"machine learning engineer with experience in mysql, html, power bi, deep learning, pandas, numpy, java"
903,"data analyst with experience in python, deep learning, sql, react, pandas"
904,"data scientist with experience in numpy, javascript, excel, css, java"
905,"backend developer with experience in html, python, javascript, react"
906,"backend developer with experience in sql, spring boot, java, html, power bi, python, machine learning"
907,"backend developer with experience in css, machine learning, numpy, java, power bi"
908,"frontend developer with experience in spring boot, deep learning, css, react, javascript, sql"
909,"data scientist with experience in pandas, javascript, java, deep learning, power bi, html, spring boot"
910,"data analyst with experience in python, excel, pandas, power bi, css, javascript, html"
911,"data scientist with experience in html, power bi, java, deep learning"
912,"machine learning engineer with experience in react, python, spring boot, java, machine learning, mysql, excel"
913,"software engineer with experience in power bi, machine learning, javascript, numpy, sql"
914,"data analyst with experience in css, react, numpy, python"
915,"data scientist with experience in react, sql, java, mysql"
916,"data scientist with experience in java, power bi, react, javascript, python, deep learning, excel"
917,"data scientist with experience in numpy, java, excel"
918,"backend developer with experience in machine learning, sql, javascript, mysql, numpy, python, pandas"
919,"machine learning engineer with experience in power bi, deep learning, sql, java, css, spring boot"
920,"software engineer with experience in deep learning, java, html, python, react"
921,"backend developer with experience in java, react, html, javascript, mysql"
922,"software engineer with experience in pandas, python, html, machine learning"
923,"backend developer with experience in excel, numpy, python, mysql, power bi, react, sql"
924,"machine learning engineer with experience in react, numpy, deep learning, html, python, excel, javascript"
925,"backend developer with experience in power bi, sql, java"
926,"machine learning engineer with experience in excel, html, react"
927,"data scientist with experience in excel, numpy, power bi, machine learning, react, css, html"
928,"backend developer with experience in mysql, sql, numpy, spring boot"
929,"frontend developer with experience in java, css, excel, pandas, javascript, deep learning"
930,"backend developer with experience in mysql, java, power bi"
931,"software engineer with experience in react, java, css, deep learning, mysql, python"
932,"software engineer with experience in react, spring boot, deep learning"
933,"data analyst with experience in pandas, javascript, power bi, machine learning"
934,"data scientist with experience in python, spring boot, deep learning, css, mysql, javascript"
935,"machine learning engineer with experience in numpy, pandas, excel, power bi"
936,"data analyst with experience in mysql, java, spring boot"
937,"data scientist with experience in sql, javascript, numpy, react, power bi, java, machine learning"
938,"backend developer with experience in html, python, react, java, css, numpy"
939,"backend developer with experience in excel, html, pandas"
940,"machine learning engineer with experience in css, pandas, machine learning, excel, javascript"
941,"software engineer with experience in sql, excel, numpy, spring boot"
942,"backend developer with experience in java, excel, html, javascript"
943,"frontend developer with experience in python, css, power bi, javascript, excel"
944,"frontend developer with experience in react, sql, power bi, java, html"
945,"data analyst with experience in java, css, mysql"
946,"frontend developer with experience in machine learning, deep learning, spring boot"
947,"data scientist with experience in machine learning, css, spring boot, mysql, power bi, java"
948,"frontend developer with experience in numpy, deep learning, spring boot, sql"
949,"backend developer with experience in power bi, react, java, pandas, excel, spring boot"
950,"machine learning engineer with experience in sql, css, python, mysql"
951,"software engineer with experience in sql, machine learning, react"
952,"machine learning engineer with experience in java, python, sql, mysql, pandas, html, deep learning"
953,"data analyst with experience in mysql, react, spring boot, excel, numpy, python"
954,"machine learning engineer with experience in deep learning, numpy, machine learning, spring boot, css, mysql"
955,"frontend developer with experience in javascript, power bi, react, html, sql, css"
956,"data analyst with experience in numpy, java, python"
957,"machine learning engineer with experience in sql, pandas, spring boot, html, javascript"
958,"data scientist with experience in react, pandas, html, css, javascript, deep learning, excel"
959,"software engineer with experience in deep learning, html, java, power bi, javascript"
960,"data analyst with experience in deep learning, java, mysql, pandas"
961,"machine learning engineer with experience in mysql, excel, html, react"
962,"data scientist with experience in react, deep learning, java"
963,"data scientist with experience in react, html, excel"
964,"data analyst with experience in css, mysql, excel, sql, spring boot"
965,"frontend developer with experience in machine learning, power bi, excel, numpy, spring boot"
966,"data analyst with experience in python, mysql, java, sql, power bi, spring boot, html"
967,"backend developer with experience in sql, numpy, html, css, mysql"
968,"frontend developer with experience in spring boot, pandas, java, deep learning"
969,"data analyst with experience in pandas, power bi, java, machine learning, spring boot, deep learning"
970,"software engineer with experience in java, javascript, numpy"
971,"data scientist with experience in html, css, java, javascript, spring boot, excel, pandas"
972,"data analyst with experience in power bi, deep learning, spring boot, html, sql, java, pandas"
973,"machine learning engineer with experience in spring boot, pandas, mysql, react, java"
974,"machine learning engineer with experience in css, python, deep learning, java"
975,"software engineer with experience in python, pandas, css, excel, machine learning, javascript, react"
976,"data scientist with experience in numpy, java, react, mysql, machine learning, sql"
977,"machine learning engineer with experience in python, spring boot, java, pandas, deep learning"
978,"software engineer with experience in sql, html, java"
979,"frontend developer with experience in javascript, sql, excel, react, pandas"
980,"data scientist with experience in excel, python, deep learning, react"
981,"data analyst with experience in spring boot, javascript, numpy"
982,"data scientist with experience in python, react, javascript, pandas, java, html"
983,"data analyst with experience in react, javascript, deep learning, python, html, power bi, numpy"
984,"frontend developer with experience in excel, pandas, machine learning, numpy, power bi, sql"
985,"software engineer with experience in java, css, pandas, deep learning, numpy, javascript, python"
986,"frontend developer with experience in sql, excel, css"
987,"frontend developer with experience in java, spring boot, mysql, deep learning, javascript, numpy, html"
988,"machine learning engineer with experience in css, mysql, spring boot, excel"
989,"data analyst with experience in css, numpy, excel"
990,"backend developer with experience in css, power bi, python, deep learning, sql"
991,"machine learning engineer with experience in numpy, machine learning, css, react, spring boot"
992,"software engineer with experience in machine learning, java, python, deep learning, spring boot"
993,"software engineer with experience in excel, machine learning, javascript, spring boot, java, sql, css"
994,"machine learning engineer with experience in pandas, power bi, javascript"
995,"frontend developer with experience in react, spring boot, css, power bi, mysql, sql, machine learning"
996,"machine learning engineer with experience in machine learning, python, css, power bi"
997,"frontend developer with experience in spring boot, deep learning, html, numpy, css, javascript"
998,"data analyst with experience in python, excel, html, pandas"
999,"data scientist with experience in deep learning, spring boot, machine learning, sql, react, excel"
1000,"backend developer with experience in excel, power bi, machine learning, sql, css, java"
